FNAC:Fnac
ATAC:Atac
Prudhomme:Prud'homme
DURAS:Duras
atac:Atac
combatants:combattants
traversiére:traversière
Faiencerie:Faïencerie
Planete:Planète
pique:Pique
campanile:Campanile
abime:Abîmes
campingcars:camping cars
LACHENAL:Lachenal
DROUET:Drouet
RIGAUD:Rigaud
ILL:Ill ?
OK:?
ASNÉE:Asnée ?
LLOSA:Llosa
LARCHEY:Larchey
PAGNOL:Pagnol
COQS:Coqs
SEVERAC:Séverac
VAUTHIER:Vauthier
KING:King
LIDL:Lidl
FOSSAN:Fossan
DEVAUX:Devaux
PEUGEOT:Peugeot
DECOPARC:Décoparc ?
JOLY:Joly
LECORRE:Lecorre
MACHADO:Machado
PEYRINNET:Peyronnet ?
ROME:Rome
MASSE:Masse ?
MUHE:Mühe
THORAIN:Thorain
HERRIOT:Herriot
LATTE:Latte
LODIEU:Lodieu
CEZANNE:Cézanne
VILLON:Villon
AMELIN:Amelin
MONTAIGNE:Montaigne
ALTO:Alto ?
FREE:Free
KIABI:Kiabi
PEIRESC:Peiresc
RICTUS:Rictus
DUBY:Duby
BRAUDEL:Braudel
REY:Rey
TRAMWAY:Tramway
OPHEA:Ophéa ?
MELON:Melon
ADENAUER:Adenauer
MAILLOL:Maillol
LEHR:Lehr ?
OYON:Oyon
TRAM:Tramway
BARTHOU:Barthou
FREDERIC:Frédéric
BARTHOLDI:Bartholdi
GUILVINEC:Guilvinec
HUGO:Hugo
TERRAY:Terray
VAUTIER:Vautier
SCHULTZ:Schultz
TREFFIAGAT:Treffiagat
RUTEBOEUF:Ruteboeuf
MONNET:Monnet
PASTEUR:Pasteur
TELECOM:Télécom
POURTALES:Pourtalès
ARISTIDE:Aristide
GIAUME:Giaume
PRIVATE:Private
BREL:Brel
CENTREX:Centrex ?
TALCO:Talco ?
DISCALCEAT:Discalceat
SAND:Sand
LUTHER:Luther
LOREDAN:Lorédan
BEGHIN:Beghin
GIONO:Giono
edmond:Edmond
Letelon:Lételon
Presbytiere:Presbytère
arcole:Arcole
enVal:en-Val
tougne:Tougne
chantegrelet:Chantegrelet
Ethiopie:Éthiopie
Crénans:Crenans
Coppernic:Copernic ?
Resistants:Résistants
Cathédale:Cathédrale
Koenigsbourg:Kœnigsbourg
Ferreol:Ferréol
Belidor:Bélidor
Mirroirs:Miroirs
Oceanopolis:Océanopolis
Pointcaré:Poincaré
Cantabríco:Cantábrico
Carriere:Carrière
Pélerine:Pèlerine ?
Pélerins:Pèlerins ?
ds:des
Conquerant:Conquérant
Ceze:Cèze
Velodrome:Vélodrome
Loex:Loëx
Epige:Épigé
Scholastique:Scolastique
Monthlèry:Montlhéry
LOUIS:Louis
LA:la|La
LI:Li
Citedelle:Citadelle
Deodat:Déodat
fix:Fix|FIXME
CAtherine:Catherine
ronsard:Ronsard
Genral:Général
Equitation:Équitation
Preludes:Préludes
MondeVille:Mondeville
Creteil:Créteil
orleans:Orléans
faure:Faure
Carbonnieres:Carbonnières
Herem:Hérem
Bihoue:Bihoué
Sellénick:Sellenick
Clerieux:Clérieux
Avennue:Avenue
Frenaye:Frénaye
Cremieu:Crémieu
Chomerac:Chomérac
Legendes:Légendes
Boulevad:Boulevard
Boulevar:Boulevard
Chemind:Chemins
Brevieres:Brévières
Kerogan:Kérogan
Chavagnne:Chavagne
LeBlanc:Leblanc | Le-Blanc
Rousseliere:Rousselière
Veque:Véque | Vèque | Vêque
Serusier:Sérusier
Acqueducs:Aqueducs
Rethoville:Réthoville
Trezelles:Trézelles
Ecromagny:Écromagny
Paisance:Plaisance
Electronique:Électronique
TOURNETTE:Tournette
Velettes:Velettes
Egry:Égry
Allégre:Allègre
Crysanthèmes:Chrysanthèmes
Fraiche:Fraîche
ecorces:Écorces
pèbre:Pèbre
garonette:Garonette
Breteniere:Bretenière
Prefet:Préfet
gaulle:Gaulle
Ecritoire:Écritoire
Ebat:Ébat
Epire:Épire
feuillet:Feuillet
direction:Direction
abbayes:Abbayes
Volatire:Voltaire
lapparent:Lapparent
Chataignes:Châtaignes
Allees:Allées
deL:de l
AURELIA:Aurelia
OULE:Oule
CYPRIEN:Cyprien
PECH:Pech
POUZAC:Pouzac
CORDEIL:Cordeil
ROCHEBRUNE:Rochebrune
STE:Sainte
SARLAT:Sarlat
COMMUNAL:Communal
MOURRE:Mourre
PE:Pé
SEDAN:Sedan
VIAL:Vial
SY:Sy
GINOUX:Ginoux
PIC:Pic
HALIOTIKA:Haliotika
SODIAC:Sodiac
CASINO:Casino
AVIS:Avis
AIRPORT:Airport
CLUB:Club
VIERZON:Vierzon
CHAMPION:Champion
PARIBAS:Paribas
BERNARDE:Bernarde
FILS:Fils
CITER:Citer
PICS:Pics
PICO:Pico
HOSPITALIER:Hospitalier
ROCHELLE:Rochelle
CLEUZIOU:Cleuziou
PAINTBALL:Paintball
RAIE:Raie
MOUCHES:Mouches
GUIZONNIER:Guizonnier
TAXI:Taxi
HYDRO:Hydro
PADRO:Padro
BUT:But
MECA:Meca
SOULARAC:Soularac
ELAN:Elan
AUBERGE:Auberge
CHATEAU:Château
RADE:Rade
FEYRE:Feyre
ANGELO:Angelo
ANGELE:Angèle
SUR:sur
RENT:Rent
DANTXARIA:Dantxaria
BROQUERE:Broquère
AUCHAN:Auchan
COTE:Côte|Coté
KFET:Kfet
INCUDINE:Incudine
AUJOUR:Aujour
SEIGNEURS:Seigneurs
BOURDIN:Bourdin
PALOUMERE:Paloumère
SURGERES:Surgères
LEZ:Lez
ESSO:Esso
VOUZIERS:Vouziers
CHATEAUBERNARD:Châteaubernard
CLAPIER:Clapier
RARAY:Raray
LANCE:Lance
RENOSO:Renoso
CHARONNE:Charonne
GOMEZ:Gomez
ARAL:Aral
PUNTA:Punta
MAGASIN:Magasin
BRIDE:Bride
VALENTINE:Valentine
GARAGE:Garage
FERAUD:Feraud|Féraud
SEMEUSE:Semeuse
FALGA:Falga
AUDI:Audi
ROTONDO:Rotondo
NATIONAL:National
marly:Marly
ormes:Ormes
saintes:Saintes
bourgneuf:Bourgneuf
biches:Biches
moines:Moines
meaulne:Meaulne
sylvestre:Sylvestre
VILLERS:Villers
VIRE:Vire
SAINTES:Saintes
galant:Galant
MARSANNAY:Marsannay
VILLE:Ville
charmes:Charmes
herbeys:Herbeys
victor:Victor
musset:Musset
MARTIGUES:Martigues
meulan:Meulan
VAlentin:Valentin
places:Places
coudray:Coudray
MICHEL:Michel
dombes:Dombes
chantemerle:Chantemerle
champs:Champs
genève:Genève
normandie:Normandie
linières:Linières
bellevue:Bellevue
alger:Alger
QUENTIN:Quentin
fours:Fours
BURE:Bure
lazare:Lazare
champigny:Champigny
grans:Grans
joux:Joux
BRETAGNE:Bretagne
fare:Fare
VIgnes:Vignes
maritime:Maritime
CENTRE:Centre
luisant:Luisant
GRUISSAN:Gruissan
GRand:Grand
bougnon:Bougnon
aragon:Aragon
calan:Calan
vives:Vives
busson:Busson
LAMBALLE:Lamballe
brosses:Brosses
BUGARACH:Bugarach
sulpice:Sulpice
TROIS:Trois
garrigues:Garrigues
IGNY:Igny
POINTE:Pointe
gaujac:Gaujac
argens:Argens
armorique:Armorique
fontaines:Fontaines
ROCHEFORT:Rochefort
templiers:Templiers
LAAS:Laas
faye:Faye
GARE:Gare
bretagne:Bretagne
NICE:Nice
picardie:Picardie
changeon:Changeon
capdeville:Capdeville
eguilles:Eguilles
GEMEAUX:Gemeaux
roses:Roses
ISTRES:Istres
cholet:Cholet
AUBAGNE:Aubagne
eglise:Eglise
grosrouvre:Grosrouvre
FONTENAY:Fontenay
georges:Georges
PAMIERS:Pamiers
vesgre:Vesgre
castellar:Castellar
ource:Ource
madonne:Madonne
ISIS:Isis
hauts:Hauts
cailles:Cailles
bouloire:Bouloire
sarthe:Sarthe
casa:Casa
christophe:Christophe
doubs:Doubs
nancy:Nancy
lyon:Lyon
cerisiers:Cerisiers
courcelles:Courcelles
eglises:Eglises
alsace:Alsace
maisons:Maisons
MOULINS:Moulins
guillon:Guillon
hautes:Hautes
fleury:Fleury
frênes:Frênes
salines:Salines
cabris:Cabris
cloud:Cloud
COGNAC:Cognac
PIERRE:Pierre
montana:Montana
nicolet:Nicolet
gérard:Gérard
PARIS:Paris
boulogne:Boulogne
plains:Plains
bétheny:Bétheny
graves:Graves
murs:Murs
dunes:Dunes
saules:Saules
bains:Bains
aramon:Aramon
maurice:Maurice
noyers:Noyers
etoile:Etoile
MARAIS:Marais
adrien:Adrien
érigné:Érigné
auteuil:Auteuil
LaMotte:Lamotte
ornon:Ornon
CANCHY:Canchy
CLos:Clos
PArc:Parc
granges:Granges
BORN:Born
mines:Mines
troux:Troux
champ:Champ
cars:Cars
MORIN:Morin
laffite:Laffite
carrières:Carrières
chalancon:Chalancon
FONT:Font
potherie:Potherie
LaGarde:Lagarde
ferrée:Ferrée
assas:Assas
longues:Longues
caen:Caen
jumeaux:Jumeaux
poitou:Poitou
MONT:Mont
equeurdreville:Equeurdreville
BOUIN:Bouin
alep:Alep
vallées:Vallées
morvan:Morvan
jacob:Jacob
escaut:Escaut
fénelon:Fénelon
NIvelle:Nivelle
belfort:Belfort
orgeval:Orgeval
maine:Maine
montagnes:Montagnes
ormeaux:Ormeaux
moulineaux:Moulineaux
ille:Ille
LURE:Lure
laurent:Laurent
forez:Forez
ottrott:Ottrott
châteaudun:Châteaudun
moulins:Moulins
bazemont:Bazemont
bons:Bons
mARC:Marc
julien:Julien
LISIEUX:Lisieux
FALAISE:Falaise
châteaux:Châteaux
chatelans:Chatelans
abbeville:Abbeville
parcs:Parcs
jeux:Jeux
loire:Loire
MARENNES:Marennes
grives:Grives
AIre:Aire
etain:Etain
CARVIN:Carvin
LaTour:Latour
almont:Almont
lyonnais:Lyonnais
BAZEILLES:Bazeilles
côtes:Côtes
huisne:Huisne
SAINT:Saint
ChampMotteux:Champmotteux
COËTMIEUX:Coëtmieux
cassel:Cassel
engins:Engins
rivières:Rivières
espagne:Espagne
internationale:Internationale
MArs:Mars
gémeaux:Gémeaux
étangs:Étangs
mAUVES:Mauves
ROUEN:Rouen
sables:Sables
HAUTE:Haute
europe:Europe
renault:Renault
JEAN:Jean
genêts:Genêts
bouafle:Bouafle
cerdagne:Cerdagne
LaChapelle:Lachapelle
LaCombe:Lacombe
fresnes:Fresnes
oliviers:Oliviers
roches:Roches
ferdinand:Ferdinand
beaumont:Beaumont
routes:Routes
BOUCHET:Bouchet
AVERMES:Avermes
neuves:Neuves
merles:Merles
italie:Italie
provence:Provence
belgique:Belgique
CLOS:Clos
rives:Rives
chevincourt:Chevincourt
NONTRON:Nontron
OYONNAX:Oyonnax
MONTAGNE:Montagne
GRANDE:Grande
MONTÉLIMAR:Montélimar
caves:Caves
verdon:Verdon
marmagne:Marmagne
petites:Petites
mouvaux:Mouvaux
tilleuls:Tilleuls
grasse:Grasse
michel:Michel
calonne:Calonne
hallennes:Hallennes
LaSalle:Lasalle
combres:Combres
PIerre:Pierre
MOULLE:Moulle
gréville:Gréville
beausoleil:Beausoleil
hommes:Hommes
RIve:Rive
MArtin:Martin
sources:Sources
FRANCE:France
andré:André
argonne:Argonne
malmaison:Malmaison
revel:Revel
cascades:Cascades
fosses:Fosses
lorraine:Lorraine
GÉMOZAC:Gémozac
PETITE:Petite
maritimes:Maritimes
LONG:Long
bruyères:Bruyères
LaRoche:Laroche
ecole:Ecole
CLair:Clair
mazé:Mazé
burly:Burly
carnac:Carnac
verts:Verts
landes:Landes
antoine:Antoine
varennes:Varennes
marines:Marines
ENTREVAUX:Entrevaux
isle:Isle
pradel:Pradel
anjou:Anjou
grande:Grande
combes:Combes
verdun:Verdun
fons:Fons
rosières:Rosières
cabannes:Cabannes
CHARLEVILLE:Charleville
BOURGES:Bourges
lafayette:Lafayette
grandes:Grandes
BARCELONNETTE:Barcelonnette
constituante:Constituante
asnières:Asnières
Bécoeur:Bécœur
Cezaire:Cézaire
Meriadec:Mériadec
Pathe:Pathé
Lapyrère:Lapeyrère
Cesarches:Césarches
Urfe:Urfé
Mediteranee:Méditerranée
sénèque:Sénèque
Cassagné:Cassagne
Mericant:Méricant
Gènèrale:Générale
Jacuqes:Jacques
Landévénec:Landévennec|Landévenec|Landevenec
Avenude:Avenue
BonsHommes:Bonshommes
meduse:Méduse
Tresaguet:Trésaguet
ALICE:Alice ?
Poincarré:Poincaré
vautier:Vauthier
érrants:errants
esso:Esso
Acceuil:Accueil
Vaucansson:Vaucanson
Travèrsière:Traversière
yves:Yves
YVETOT:Yvetot
Pelevoisin:Pellevoisin
Ruede:Rue de
cimetiere:Cimetière
Faienciers:Faïenciers
Travervière:Traversière
Combatants:Combattants
Planetes:Planètes
Pobeguin:Pobéguin
Jaurés:Jaurès
essone:Essone
Pellerins:Pélerins
Etat:État
yvette:Yvette
Transumane:Transumance
Bamby:Bambi
Bouledvard:Boulevard
atack:Atac
Préssoir:Pressoir
Traversierre:Traversière
Philppe:Philippe
Boulodromme:Boulodrome
cabots:Cabots
Abbe:Abbé
Prudhom:Prud'homme
Prudhon:Prud'homme
Ouree:Ourée
Faience:Faïence
cigales:Cigales
Faïanciers:Faïenciers
Bouleverd:Boulevard
Abelard:Abélard
Travesière:Traversière
Jaures:Jaurès
Abbée:Abbé
planete:planète
BoulevardProsper:Boulevard Prosper
Boulevarde:Boulevard
Academie:Académie
Faisandrie:Faisanderie
Ouisterham:Ouistreham
Tranversière:Traversière
Campign:Camping
Cimtière:Cimetière
Traversiere:Traversière
Poincare:Poincaré
Aeroclub:Aéroclub
Aeroport:Aéroport
Aerodrome:Aérodrome
Zenon:Zénon
Zeller:Zeller
Zelande:Zélande
Zamenhoff:Zamenhof
Zenith:Zénith
ycée:Lycée
Abesse:Abbesse
Abîme:Abîme
Acasias:Acacias
Acces:Accès
accacias:Acacias
acacias:Acacias
acceuil:Accueil
acces:accès
Acieries:Aciéries
Accacias:Acacias
actinies:Actinies
Mocquet:Môcquet
Abbè:Abbé
abbe:Abbé
banques:Banques
banquettes:Banquettes
raimu:Raimu
Presidence:Présidence
President:Président
president:Président
Pretres:Prêtres
Prèsident:Président
président:Président
Prètres:Prêtres
Réynaud:Reynaud
Pelletand:Pelletan
Pelican:Pélican
Pelerins:Pèlerins
Peletan:Pelletan
Pelicans:Pélicans
RUe:Rue
Ruele:Ruelle
rueAlbert:rue Albert
Ruedu:Rue du
RueSaint:Rue Saint
RueRose:Rue Rose
Courcouronne:Courcouronnes
BNPParibas:BNP Paribas
Pointcarré:Poincaré
Gymase:Gymnase
Ile:Île
Etang:Étang
Anes:Ânes
Eveque:Évêque
Evêque:Évêque
Archeveque:Archevêque
dautresne:Dautresne
Dausmenil:Daumesnil
Pintiere:Pintière
pinsons:Pinsons
pipes:Pipies
pionassane:Pionassane
pinsapo:Pinsapo
AnderearenBordako:Anderearen Bordako
Cimitière:Cimetière
cimetierre:Cimetière
cigalons:Cigalons
Cimétière:Cimetière
cimetières:Cimetières
cibouït:Cibouït
Cimetère:Cimetière
Cimetiière:Cimetière
Cimetierre:Cimetière
Cimetiére:Cimetière
cimes:Cime
Cigones:Cigognes
Cimetiere:Cimetière
Cîmes:Cimes
Etats:États
Genevieve:Geneviève

